{"v":"5.1.13","fr":60,"ip":0,"op":120,"w":612,"h":378,"nm":"Gamification","ddd":0,"assets":[{"id":"comp_0","layers":[{"ddd":0,"ind":1,"ty":4,"nm":"Final Particles 11","sr":1,"ks":{"o":{"a":0,"k":100,"ix":11},"r":{"a":0,"k":0,"ix":10},"p":{"a":1,"k":[{"i":{"x":0,"y":0.986},"o":{"x":0,"y":0},"n":"0_0p986_0_0","t":0,"s":[545.157,885.683,0],"e":[265.781,673.538,0],"to":[-20.7034645080566,-184.943023681641,0],"ti":[78.5627136230469,-60.6425590515137,0]},{"t":72}],"ix":2},"a":{"a":0,"k":[3.373,5.722,0],"ix":1},"s":{"a":0,"k":[100,100,100],"ix":6}},"ao":0,"shapes":[{"ty":"gr","it":[{"ind":0,"ty":"sh","ix":1,"ks":{"a":0,"k":{"i":[[0,0],[0,0],[0,0],[0,0]],"o":[[0,0],[0,0],[0,0],[0,0]],"v":[[-3.123,5.402],[-2.541,-5.402],[3.123,-4.767],[2.441,1.21]],"c":true},"ix":2},"nm":"Path 1","mn":"ADBE Vector Shape - Group","hd":false},{"ty":"fl","c":{"a":0,"k":[0.9333333333333333,0.43137254901960786,0.14901960784313725,1],"ix":4},"o":{"a":0,"k":100,"ix":5},"r":1,"nm":"Fill 1","mn":"ADBE Vector Graphic - Fill","hd":false},{"ty":"tr","p":{"a":0,"k":[3.373,5.722],"ix":2},"a":{"a":0,"k":[0,0],"ix":1},"s":{"a":0,"k":[100,100],"ix":3},"r":{"a":0,"k":0,"ix":6},"o":{"a":0,"k":100,"ix":7},"sk":{"a":0,"k":0,"ix":4},"sa":{"a":0,"k":0,"ix":5},"nm":"Transform"}],"nm":"Group 11","np":2,"cix":2,"ix":1,"mn":"ADBE Vector Group","hd":false}],"ip":0,"op":230,"st":0,"bm":0},{"ddd":0,"ind":2,"ty":4,"nm":"Final Particles 10","sr":1,"ks":{"o":{"a":0,"k":100,"ix":11},"r":{"a":1,"k":[{"i":{"x":[0.262],"y":[1.005]},"o":{"x":[0.333],"y":[0]},"n":["0p262_1p005_0p333_0"],"t":0,"s":[-87],"e":[0]},{"t":47}],"ix":10},"p":{"a":1,"k":[{"i":{"x":0,"y":1},"o":{"x":0,"y":0},"n":"0_1_0_0","t":0,"s":[545.157,885.683,0],"e":[421.894,719.956,0],"to":[-20.7034645080566,-184.943023681641,0],"ti":[32.5437965393066,-22.3788356781006,0]},{"t":47}],"ix":2},"a":{"a":0,"k":[159.486,52.14,0],"ix":1},"s":{"a":0,"k":[100,100,100],"ix":6}},"ao":0,"shapes":[{"ty":"gr","it":[{"ind":0,"ty":"sh","ix":1,"ks":{"a":0,"k":{"i":[[0,0],[0,0],[0,0],[0,0]],"o":[[0,0],[0,0],[0,0],[0,0]],"v":[[-11.402,-12.312],[-12.914,0],[-0.472,12.312],[12.915,5.274]],"c":true},"ix":2},"nm":"Path 1","mn":"ADBE Vector Shape - Group","hd":false},{"ty":"fl","c":{"a":0,"k":[0.25882352941176473,0.5843137254901961,0.9764705882352941,1],"ix":4},"o":{"a":0,"k":100,"ix":5},"r":1,"nm":"Fill 1","mn":"ADBE Vector Graphic - Fill","hd":false},{"ty":"tr","p":{"a":0,"k":[159.486,52.14],"ix":2},"a":{"a":0,"k":[0,0],"ix":1},"s":{"a":0,"k":[100,100],"ix":3},"r":{"a":0,"k":0,"ix":6},"o":{"a":0,"k":100,"ix":7},"sk":{"a":0,"k":0,"ix":4},"sa":{"a":0,"k":0,"ix":5},"nm":"Transform"}],"nm":"Group 10","np":2,"cix":2,"ix":1,"mn":"ADBE Vector Group","hd":false}],"ip":0,"op":230,"st":0,"bm":0},{"ddd":0,"ind":3,"ty":4,"nm":"Final Particles 9","sr":1,"ks":{"o":{"a":0,"k":100,"ix":11},"r":{"a":0,"k":0,"ix":10},"p":{"a":1,"k":[{"i":{"x":0,"y":1},"o":{"x":0,"y":0},"n":"0_1_0_0","t":0,"s":[545.157,885.683,0],"e":[304.78,754.538,0],"to":[-20.7034645080566,-184.943023681641,0],"ti":[70.0627822875977,-70.1426086425781,0]},{"t":61}],"ix":2},"a":{"a":0,"k":[42.373,86.723,0],"ix":1},"s":{"a":0,"k":[100,100,100],"ix":6}},"ao":0,"shapes":[{"ty":"gr","it":[{"ind":0,"ty":"sh","ix":1,"ks":{"a":0,"k":{"i":[[0,0],[0,0],[0,0],[0,0]],"o":[[0,0],[0,0],[0,0],[0,0]],"v":[[-2.541,-5.403],[3.123,-4.768],[2.441,1.21],[-3.123,5.403]],"c":true},"ix":2},"nm":"Path 1","mn":"ADBE Vector Shape - Group","hd":false},{"ty":"fl","c":{"a":0,"k":[0.9333333333333333,0.43137254901960786,0.14901960784313725,1],"ix":4},"o":{"a":0,"k":100,"ix":5},"r":1,"nm":"Fill 1","mn":"ADBE Vector Graphic - Fill","hd":false},{"ty":"tr","p":{"a":0,"k":[42.373,86.723],"ix":2},"a":{"a":0,"k":[0,0],"ix":1},"s":{"a":0,"k":[100,100],"ix":3},"r":{"a":0,"k":0,"ix":6},"o":{"a":0,"k":100,"ix":7},"sk":{"a":0,"k":0,"ix":4},"sa":{"a":0,"k":0,"ix":5},"nm":"Transform"}],"nm":"Group 9","np":2,"cix":2,"ix":1,"mn":"ADBE Vector Group","hd":false}],"ip":0,"op":230,"st":0,"bm":0},{"ddd":0,"ind":4,"ty":4,"nm":"Final Particles 8","sr":1,"ks":{"o":{"a":0,"k":100,"ix":11},"r":{"a":1,"k":[{"i":{"x":[0.258],"y":[1]},"o":{"x":[0.333],"y":[0]},"n":["0p258_1_0p333_0"],"t":0,"s":[0],"e":[-48]},{"t":41}],"ix":10},"p":{"a":1,"k":[{"i":{"x":0,"y":1},"o":{"x":0,"y":0},"n":"0_1_0_0","t":0,"s":[545.157,885.683,0],"e":[362.23,801.783,0],"to":[-20.7034645080566,-184.943023681641,0],"ti":[36.4878616333008,-72.0166854858398,0]},{"t":41}],"ix":2},"a":{"a":0,"k":[99.822,133.967,0],"ix":1},"s":{"a":0,"k":[100,100,100],"ix":6}},"ao":0,"shapes":[{"ty":"gr","it":[{"ind":0,"ty":"sh","ix":1,"ks":{"a":0,"k":{"i":[[0,0],[0,0],[0,0],[0,0]],"o":[[0,0],[0,0],[0,0],[0,0]],"v":[[-11.554,0.71],[-2.938,-13.139],[11.554,-13.139],[-2.938,13.139]],"c":true},"ix":2},"nm":"Path 1","mn":"ADBE Vector Shape - Group","hd":false},{"ty":"fl","c":{"a":0,"k":[0.9568627450980393,0.6745098039215687,0.20392156862745098,1],"ix":4},"o":{"a":0,"k":100,"ix":5},"r":1,"nm":"Fill 1","mn":"ADBE Vector Graphic - Fill","hd":false},{"ty":"tr","p":{"a":0,"k":[99.822,133.967],"ix":2},"a":{"a":0,"k":[0,0],"ix":1},"s":{"a":0,"k":[100,100],"ix":3},"r":{"a":0,"k":0,"ix":6},"o":{"a":0,"k":100,"ix":7},"sk":{"a":0,"k":0,"ix":4},"sa":{"a":0,"k":0,"ix":5},"nm":"Transform"}],"nm":"Group 8","np":2,"cix":2,"ix":1,"mn":"ADBE Vector Group","hd":false}],"ip":0,"op":230,"st":0,"bm":0},{"ddd":0,"ind":5,"ty":4,"nm":"Final Particles 7","sr":1,"ks":{"o":{"a":0,"k":100,"ix":11},"r":{"a":1,"k":[{"i":{"x":[0.13],"y":[1]},"o":{"x":[0.333],"y":[0]},"n":["0p13_1_0p333_0"],"t":0,"s":[0],"e":[-108]},{"t":57}],"ix":10},"p":{"a":1,"k":[{"i":{"x":0,"y":1},"o":{"x":0,"y":0},"n":"0_1_0_0","t":0,"s":[545.157,885.683,0],"e":[298.161,851.367,0],"to":[-20.7034645080566,-184.943023681641,0],"ti":[49.6660614013672,-104.780738830566,0]},{"t":57}],"ix":2},"a":{"a":0,"k":[35.753,183.551,0],"ix":1},"s":{"a":0,"k":[100,100,100],"ix":6}},"ao":0,"shapes":[{"ty":"gr","it":[{"ind":0,"ty":"sh","ix":1,"ks":{"a":0,"k":{"i":[[0,0],[0,0],[0,0],[0,0]],"o":[[0,0],[0,0],[0,0],[0,0]],"v":[[-4.124,1.216],[-3.517,-5.723],[4.124,1.938],[-0.139,5.723]],"c":true},"ix":2},"nm":"Path 1","mn":"ADBE Vector Shape - Group","hd":false},{"ty":"fl","c":{"a":0,"k":[0.9568627450980393,0.6745098039215687,0.20392156862745098,1],"ix":4},"o":{"a":0,"k":100,"ix":5},"r":1,"nm":"Fill 1","mn":"ADBE Vector Graphic - Fill","hd":false},{"ty":"tr","p":{"a":0,"k":[35.753,183.551],"ix":2},"a":{"a":0,"k":[0,0],"ix":1},"s":{"a":0,"k":[100,100],"ix":3},"r":{"a":0,"k":0,"ix":6},"o":{"a":0,"k":100,"ix":7},"sk":{"a":0,"k":0,"ix":4},"sa":{"a":0,"k":0,"ix":5},"nm":"Transform"}],"nm":"Group 7","np":2,"cix":2,"ix":1,"mn":"ADBE Vector Group","hd":false}],"ip":0,"op":230,"st":0,"bm":0},{"ddd":0,"ind":6,"ty":4,"nm":"Final Particles 6","sr":1,"ks":{"o":{"a":0,"k":100,"ix":11},"r":{"a":1,"k":[{"i":{"x":[0.281],"y":[1]},"o":{"x":[0.333],"y":[0]},"n":["0p281_1_0p333_0"],"t":0,"s":[0],"e":[-125]},{"t":49}],"ix":10},"p":{"a":1,"k":[{"i":{"x":0.081,"y":0.993},"o":{"x":0,"y":0},"n":"0p081_0p993_0_0","t":0,"s":[545.157,885.683,0],"e":[379.527,923.619,0],"to":[-6.70346546173096,-191.943023681641,0],"ti":[35.6956100463867,-131.706771850586,0]},{"t":50}],"ix":2},"a":{"a":0,"k":[117.12,255.803,0],"ix":1},"s":{"a":0,"k":[100,100,100],"ix":6}},"ao":0,"shapes":[{"ty":"gr","it":[{"ind":0,"ty":"sh","ix":1,"ks":{"a":0,"k":{"i":[[0,0],[0,0],[0,0],[0,0]],"o":[[0,0],[0,0],[0,0],[0,0]],"v":[[-8.838,-11.975],[-10.101,2.462],[-0.205,11.975],[10.101,4.229]],"c":true},"ix":2},"nm":"Path 1","mn":"ADBE Vector Shape - Group","hd":false},{"ty":"fl","c":{"a":0,"k":[0.9333333333333333,0.43137254901960786,0.14901960784313725,1],"ix":4},"o":{"a":0,"k":100,"ix":5},"r":1,"nm":"Fill 1","mn":"ADBE Vector Graphic - Fill","hd":false},{"ty":"tr","p":{"a":0,"k":[117.12,255.803],"ix":2},"a":{"a":0,"k":[0,0],"ix":1},"s":{"a":0,"k":[100,100],"ix":3},"r":{"a":0,"k":0,"ix":6},"o":{"a":0,"k":100,"ix":7},"sk":{"a":0,"k":0,"ix":4},"sa":{"a":0,"k":0,"ix":5},"nm":"Transform"}],"nm":"Group 6","np":2,"cix":2,"ix":1,"mn":"ADBE Vector Group","hd":false}],"ip":0,"op":230,"st":0,"bm":0},{"ddd":0,"ind":7,"ty":4,"nm":"Final Particles 5","sr":1,"ks":{"o":{"a":0,"k":100,"ix":11},"r":{"a":1,"k":[{"i":{"x":[0.05],"y":[1]},"o":{"x":[0.167],"y":[0.167]},"n":["0p05_1_0p167_0p167"],"t":0,"s":[58],"e":[0]},{"t":27}],"ix":10},"p":{"a":1,"k":[{"i":{"x":0,"y":1},"o":{"x":0,"y":0},"n":"0_1_0_0","t":0,"s":[545.157,885.683,0],"e":[665.258,748.157,0],"to":[17.3523406982422,-97.6119079589844,0],"ti":[-23.0168209075928,5.92094421386719,0]},{"t":27}],"ix":2},"a":{"a":0,"k":[402.85,80.341,0],"ix":1},"s":{"a":0,"k":[100,100,100],"ix":6}},"ao":0,"shapes":[{"ty":"gr","it":[{"ind":0,"ty":"sh","ix":1,"ks":{"a":0,"k":{"i":[[0,0],[0,0],[0,0],[0,0]],"o":[[0,0],[0,0],[0,0],[0,0]],"v":[[-13.067,-4.945],[0.194,-12.215],[13.067,-2.198],[11.552,12.215]],"c":true},"ix":2},"nm":"Path 1","mn":"ADBE Vector Shape - Group","hd":false},{"ty":"fl","c":{"a":0,"k":[0.9686274509803922,0.7647058823529411,0.2823529411764706,1],"ix":4},"o":{"a":0,"k":100,"ix":5},"r":1,"nm":"Fill 1","mn":"ADBE Vector Graphic - Fill","hd":false},{"ty":"tr","p":{"a":0,"k":[402.85,80.341],"ix":2},"a":{"a":0,"k":[0,0],"ix":1},"s":{"a":0,"k":[100,100],"ix":3},"r":{"a":0,"k":0,"ix":6},"o":{"a":0,"k":100,"ix":7},"sk":{"a":0,"k":0,"ix":4},"sa":{"a":0,"k":0,"ix":5},"nm":"Transform"}],"nm":"Group 5","np":2,"cix":2,"ix":1,"mn":"ADBE Vector Group","hd":false}],"ip":0,"op":230,"st":0,"bm":0},{"ddd":0,"ind":8,"ty":4,"nm":"Final Particles 4","sr":1,"ks":{"o":{"a":0,"k":100,"ix":11},"r":{"a":1,"k":[{"i":{"x":[0.234],"y":[1.004]},"o":{"x":[0.167],"y":[0.167]},"n":["0p234_1p004_0p167_0p167"],"t":0,"s":[-117],"e":[0]},{"t":25}],"ix":10},"p":{"a":1,"k":[{"i":{"x":0,"y":1},"o":{"x":0,"y":0},"n":"0_1_0_0","t":0,"s":[545.157,885.683,0],"e":[572.272,678.277,0],"to":[4.35234069824219,-110.611907958984,0],"ti":[-12.5191040039062,34.5675621032715,0]},{"t":26}],"ix":2},"a":{"a":0,"k":[309.864,10.462,0],"ix":1},"s":{"a":0,"k":[100,100,100],"ix":6}},"ao":0,"shapes":[{"ty":"gr","it":[{"ind":0,"ty":"sh","ix":1,"ks":{"a":0,"k":{"i":[[0,0],[0,0],[0,0],[0,0]],"o":[[0,0],[0,0],[0,0],[0,0]],"v":[[-12.774,-4.871],[2.638,-10.211],[13.901,-1.091],[-13.901,10.211]],"c":true},"ix":2},"nm":"Path 1","mn":"ADBE Vector Shape - Group","hd":false},{"ty":"fl","c":{"a":0,"k":[0.25882352941176473,0.5843137254901961,0.9764705882352941,1],"ix":4},"o":{"a":0,"k":100,"ix":5},"r":1,"nm":"Fill 1","mn":"ADBE Vector Graphic - Fill","hd":false},{"ty":"tr","p":{"a":0,"k":[309.864,10.462],"ix":2},"a":{"a":0,"k":[0,0],"ix":1},"s":{"a":0,"k":[100,100],"ix":3},"r":{"a":0,"k":0,"ix":6},"o":{"a":0,"k":100,"ix":7},"sk":{"a":0,"k":0,"ix":4},"sa":{"a":0,"k":0,"ix":5},"nm":"Transform"}],"nm":"Group 4","np":2,"cix":2,"ix":1,"mn":"ADBE Vector Group","hd":false}],"ip":0,"op":230,"st":0,"bm":0},{"ddd":0,"ind":9,"ty":4,"nm":"Final Particles 3","sr":1,"ks":{"o":{"a":0,"k":100,"ix":11},"r":{"a":1,"k":[{"i":{"x":[0.833],"y":[0.833]},"o":{"x":[0.167],"y":[0.167]},"n":["0p833_0p833_0p167_0p167"],"t":0,"s":[0],"e":[140]},{"t":35}],"ix":10},"p":{"a":1,"k":[{"i":{"x":0,"y":1},"o":{"x":0,"y":0},"n":"0_1_0_0","t":0,"s":[545.157,885.683,0],"e":[776.258,709.157,0],"to":[22.3523406982422,-130.611907958984,0],"ti":[-104.516822814941,-60.5790557861328,0]},{"t":37}],"ix":2},"a":{"a":0,"k":[513.85,41.341,0],"ix":1},"s":{"a":0,"k":[100,100,100],"ix":6}},"ao":0,"shapes":[{"ty":"gr","it":[{"ind":0,"ty":"sh","ix":1,"ks":{"a":0,"k":{"i":[[0,0],[0,0],[0,0],[0,0]],"o":[[0,0],[0,0],[0,0],[0,0]],"v":[[-13.068,-4.945],[0.194,-12.215],[13.067,-2.198],[11.552,12.215]],"c":true},"ix":2},"nm":"Path 1","mn":"ADBE Vector Shape - Group","hd":false},{"ty":"fl","c":{"a":0,"k":[0.9333333333333333,0.43137254901960786,0.14901960784313725,1],"ix":4},"o":{"a":0,"k":100,"ix":5},"r":1,"nm":"Fill 1","mn":"ADBE Vector Graphic - Fill","hd":false},{"ty":"tr","p":{"a":0,"k":[513.85,41.341],"ix":2},"a":{"a":0,"k":[0,0],"ix":1},"s":{"a":0,"k":[100,100],"ix":3},"r":{"a":0,"k":0,"ix":6},"o":{"a":0,"k":100,"ix":7},"sk":{"a":0,"k":0,"ix":4},"sa":{"a":0,"k":0,"ix":5},"nm":"Transform"}],"nm":"Group 3","np":2,"cix":2,"ix":1,"mn":"ADBE Vector Group","hd":false}],"ip":0,"op":230,"st":0,"bm":0},{"ddd":0,"ind":10,"ty":4,"nm":"Final Particles 2","sr":1,"ks":{"o":{"a":0,"k":100,"ix":11},"r":{"a":0,"k":0,"ix":10},"p":{"a":1,"k":[{"i":{"x":0.165,"y":1},"o":{"x":0,"y":0},"n":"0p165_1_0_0","t":0,"s":[545.157,885.683,0],"e":[781.3,809.49,0],"to":[40.3523406982422,-106.611907958984,0],"ti":[-53.357177734375,-47.301155090332,0]},{"t":47}],"ix":2},"a":{"a":0,"k":[518.892,141.674,0],"ix":1},"s":{"a":0,"k":[100,100,100],"ix":6}},"ao":0,"shapes":[{"ty":"gr","it":[{"ind":0,"ty":"sh","ix":1,"ks":{"a":0,"k":{"i":[[0,0],[0,0],[0,0],[0,0]],"o":[[0,0],[0,0],[0,0],[0,0]],"v":[[-5.368,2.136],[-4.341,-3.469],[1.575,-2.372],[5.369,3.469]],"c":true},"ix":2},"nm":"Path 1","mn":"ADBE Vector Shape - Group","hd":false},{"ty":"fl","c":{"a":0,"k":[0.9568627450980393,0.6745098039215687,0.20392156862745098,1],"ix":4},"o":{"a":0,"k":100,"ix":5},"r":1,"nm":"Fill 1","mn":"ADBE Vector Graphic - Fill","hd":false},{"ty":"tr","p":{"a":0,"k":[518.892,141.674],"ix":2},"a":{"a":0,"k":[0,0],"ix":1},"s":{"a":0,"k":[100,100],"ix":3},"r":{"a":0,"k":0,"ix":6},"o":{"a":0,"k":100,"ix":7},"sk":{"a":0,"k":0,"ix":4},"sa":{"a":0,"k":0,"ix":5},"nm":"Transform"}],"nm":"Group 2","np":2,"cix":2,"ix":1,"mn":"ADBE Vector Group","hd":false}],"ip":0,"op":230,"st":0,"bm":0},{"ddd":0,"ind":11,"ty":4,"nm":"Final Particles","sr":1,"ks":{"o":{"a":0,"k":100,"ix":11},"r":{"a":1,"k":[{"i":{"x":[0.26],"y":[1]},"o":{"x":[0.167],"y":[-0.007]},"n":["0p26_1_0p167_-0p007"],"t":0,"s":[0],"e":[180]},{"t":41}],"ix":10},"p":{"a":1,"k":[{"i":{"x":0,"y":1},"o":{"x":0,"y":0},"n":"0_1_0_0","t":0,"s":[545.157,885.683,0],"e":[709.157,925.683,0],"to":[50.3523406982422,-152.611907958984,0],"ti":[-5.82911157608032,-150.829071044922,0]},{"t":42.671875}],"ix":2},"a":{"a":0,"k":[446.749,257.867,0],"ix":1},"s":{"a":0,"k":[100,100,100],"ix":6}},"ao":0,"shapes":[{"ty":"gr","it":[{"ind":0,"ty":"sh","ix":1,"ks":{"a":0,"k":{"i":[[0,0],[0,0],[0,0],[0,0]],"o":[[0,0],[0,0],[0,0],[0,0]],"v":[[-7.907,-14.854],[-3.667,14.854],[7.907,6.133],[6.453,-10.112]],"c":true},"ix":2},"nm":"Path 1","mn":"ADBE Vector Shape - Group","hd":false},{"ty":"fl","c":{"a":0,"k":[0.25882352941176473,0.5843137254901961,0.9764705882352941,1],"ix":4},"o":{"a":0,"k":100,"ix":5},"r":1,"nm":"Fill 1","mn":"ADBE Vector Graphic - Fill","hd":false},{"ty":"tr","p":{"a":0,"k":[446.749,257.867],"ix":2},"a":{"a":0,"k":[0,0],"ix":1},"s":{"a":0,"k":[100,100],"ix":3},"r":{"a":0,"k":0,"ix":6},"o":{"a":0,"k":100,"ix":7},"sk":{"a":0,"k":0,"ix":4},"sa":{"a":0,"k":0,"ix":5},"nm":"Transform"}],"nm":"Group 1","np":2,"cix":2,"ix":1,"mn":"ADBE Vector Group","hd":false}],"ip":0,"op":230,"st":0,"bm":0}]},{"id":"comp_1","layers":[{"ddd":0,"ind":1,"ty":4,"nm":"Final Ribbons","parent":7,"sr":1,"ks":{"o":{"a":0,"k":100,"ix":11},"r":{"a":0,"k":0,"ix":10},"p":{"a":0,"k":[83.457,-0.973,0],"ix":2},"a":{"a":0,"k":[49.142,82.465,0],"ix":1},"s":{"a":0,"k":[100,100,100],"ix":6}},"ao":0,"shapes":[{"ty":"gr","it":[{"ind":0,"ty":"sh","ix":1,"ks":{"a":0,"k":{"i":[[0,0],[0,0],[0,0],[0,0],[0,0]],"o":[[0,0],[0,0],[0,0],[0,0],[0,0]],"v":[[-18,-18],[-10.982,-18],[18,12.487],[4.383,8.219],[1.446,18]],"c":true},"ix":2},"nm":"Path 1","mn":"ADBE Vector Shape - Group","hd":false},{"ty":"fl","c":{"a":0,"k":[0.9450980392156862,0.5450980392156862,0.17647058823529413,1],"ix":4},"o":{"a":0,"k":100,"ix":5},"r":1,"nm":"Fill 1","mn":"ADBE Vector Graphic - Fill","hd":false},{"ty":"tr","p":{"a":0,"k":[49.214,81.488],"ix":2},"a":{"a":0,"k":[-12.705,-16.191],"ix":1},"s":{"a":0,"k":[100,100],"ix":3},"r":{"a":1,"k":[{"i":{"x":[0.615],"y":[1]},"o":{"x":[0.283],"y":[0.686]},"n":["0p615_1_0p283_0p686"],"t":19,"s":[16],"e":[-15]},{"i":{"x":[0.738],"y":[1]},"o":{"x":[0.66],"y":[0]},"n":["0p738_1_0p66_0"],"t":29,"s":[-15],"e":[0]},{"t":38}],"ix":6},"o":{"a":0,"k":100,"ix":7},"sk":{"a":0,"k":0,"ix":4},"sa":{"a":0,"k":0,"ix":5},"nm":"Transform"}],"nm":"Right Thread","np":2,"cix":2,"ix":1,"mn":"ADBE Vector Group","hd":false},{"ty":"gr","it":[{"ind":0,"ty":"sh","ix":1,"ks":{"a":0,"k":{"i":[[0,0],[0,0],[0,0],[0,0],[0,0]],"o":[[0,0],[0,0],[0,0],[0,0],[0,0]],"v":[[14.672,-34.5],[18,-34.5],[-4.716,34.5],[-7.512,24.909],[-18,28.576]],"c":true},"ix":2},"nm":"Path 1","mn":"ADBE Vector Shape - Group","hd":false},{"ty":"fl","c":{"a":0,"k":[0.9568627450980393,0.6745098039215687,0.20392156862745098,1],"ix":4},"o":{"a":0,"k":100,"ix":5},"r":1,"nm":"Fill 1","mn":"ADBE Vector Graphic - Fill","hd":false},{"ty":"tr","p":{"a":0,"k":[44.738,79.657],"ix":2},"a":{"a":0,"k":[15.491,-34.522],"ix":1},"s":{"a":0,"k":[100,100],"ix":3},"r":{"a":1,"k":[{"i":{"x":[0.644],"y":[1]},"o":{"x":[0.368],"y":[0.777]},"n":["0p644_1_0p368_0p777"],"t":20,"s":[-10],"e":[6]},{"i":{"x":[0.667],"y":[1]},"o":{"x":[0.425],"y":[0]},"n":["0p667_1_0p425_0"],"t":30,"s":[6],"e":[0]},{"t":39}],"ix":6},"o":{"a":0,"k":100,"ix":7},"sk":{"a":0,"k":0,"ix":4},"sa":{"a":0,"k":0,"ix":5},"nm":"Transform"}],"nm":"Left Thread","np":2,"cix":2,"ix":2,"mn":"ADBE Vector Group","hd":false},{"ty":"gr","it":[{"ind":0,"ty":"sh","ix":1,"ks":{"a":0,"k":{"i":[[2.714,-1.29],[-0.045,0.771],[-18.683,8.917],[-1.139,-3.807],[24.765,-11.402]],"o":[[-0.697,0.331],[0.493,-8.498],[18.423,-7.191],[1.141,3.807],[-17.297,7.965]],"v":[[-25.198,30.79],[-26.641,29.816],[-3.622,-23.93],[23.418,-12.813],[1.921,18.196]],"c":true},"ix":2},"nm":"Path 1","mn":"ADBE Vector Shape - Group","hd":false},{"ty":"st","c":{"a":0,"k":[0.9568627450980393,0.6745098039215687,0.20392156862745098,1],"ix":3},"o":{"a":0,"k":100,"ix":4},"w":{"a":0,"k":8,"ix":5},"lc":1,"lj":1,"ml":10,"nm":"Stroke 1","mn":"ADBE Vector Graphic - Stroke","hd":false},{"ty":"tr","p":{"a":0,"k":[47.833,80.457],"ix":2},"a":{"a":0,"k":[-27.766,29.336],"ix":1},"s":{"a":0,"k":[100,100],"ix":3},"r":{"a":1,"k":[{"i":{"x":[0.5],"y":[1]},"o":{"x":[0.154],"y":[0.659]},"n":["0p5_1_0p154_0p659"],"t":20,"s":[20],"e":[-5]},{"i":{"x":[0.507],"y":[1]},"o":{"x":[0.542],"y":[0]},"n":["0p507_1_0p542_0"],"t":31,"s":[-5],"e":[12.434]},{"i":{"x":[0.605],"y":[1]},"o":{"x":[0.378],"y":[0]},"n":["0p605_1_0p378_0"],"t":42,"s":[12.434],"e":[0]},{"t":52}],"ix":6},"o":{"a":0,"k":100,"ix":7},"sk":{"a":0,"k":0,"ix":4},"sa":{"a":0,"k":0,"ix":5},"nm":"Transform"}],"nm":"Right Ribbon","np":2,"cix":2,"ix":3,"mn":"ADBE Vector Group","hd":false},{"ty":"gr","it":[{"ind":0,"ty":"sh","ix":1,"ks":{"a":0,"k":{"i":[[8.744,-33.899],[-0.35,18.706],[0,0]],"o":[[0,0],[0.349,-18.707],[0,0]],"v":[[9.575,20.449],[-17.969,-1.742],[-0.667,-16.479]],"c":true},"ix":2},"nm":"Path 1","mn":"ADBE Vector Shape - Group","hd":false},{"ty":"st","c":{"a":0,"k":[0.9333333333333333,0.43137254901960786,0.14901960784313725,1],"ix":3},"o":{"a":0,"k":100,"ix":4},"w":{"a":0,"k":8,"ix":5},"lc":1,"lj":1,"ml":10,"nm":"Stroke 1","mn":"ADBE Vector Graphic - Stroke","hd":false},{"ty":"tr","p":{"a":0,"k":[44.662,79.844],"ix":2},"a":{"a":0,"k":[6.343,19.049],"ix":1},"s":{"a":0,"k":[100,100],"ix":3},"r":{"a":1,"k":[{"i":{"x":[0.553],"y":[1]},"o":{"x":[0.234],"y":[0.437]},"n":["0p553_1_0p234_0p437"],"t":21,"s":[-30],"e":[5]},{"i":{"x":[0.556],"y":[1]},"o":{"x":[0.51],"y":[0]},"n":["0p556_1_0p51_0"],"t":33,"s":[5],"e":[-24]},{"i":{"x":[0.635],"y":[1]},"o":{"x":[0.366],"y":[0]},"n":["0p635_1_0p366_0"],"t":43,"s":[-24],"e":[-18]},{"t":53}],"ix":6},"o":{"a":0,"k":100,"ix":7},"sk":{"a":0,"k":0,"ix":4},"sa":{"a":0,"k":0,"ix":5},"nm":"Transform"}],"nm":"Left Ribbon","np":2,"cix":2,"ix":4,"mn":"ADBE Vector Group","hd":false}],"ip":3,"op":233,"st":3,"bm":0},{"ddd":0,"ind":3,"ty":4,"nm":"Gift Particles","sr":1,"ks":{"o":{"a":0,"k":100,"ix":11},"r":{"a":0,"k":0,"ix":10},"p":{"a":0,"k":[512.162,912.118,0],"ix":2},"a":{"a":0,"k":[190.332,59.22,0],"ix":1},"s":{"a":0,"k":[100,100,100],"ix":6}},"ao":0,"shapes":[{"ty":"gr","it":[{"ind":0,"ty":"sh","ix":1,"ks":{"a":0,"k":{"i":[[0,-2.887],[2.887,0],[0,2.887],[-2.886,0]],"o":[[0,2.887],[-2.886,0],[0,-2.887],[2.887,0]],"v":[[5.227,0],[-0.001,5.227],[-5.227,0],[-0.001,-5.227]],"c":true},"ix":2},"nm":"Path 1","mn":"ADBE Vector Shape - Group","hd":false},{"ty":"fl","c":{"a":0,"k":[0.9490196078431372,0.6078431372549019,0.18823529411764706,1],"ix":4},"o":{"a":0,"k":100,"ix":5},"r":1,"nm":"Fill 1","mn":"ADBE Vector Graphic - Fill","hd":false},{"ty":"tr","p":{"a":1,"k":[{"i":{"x":0.11,"y":0.803},"o":{"x":0.407,"y":0},"n":"0p11_0p803_0p407_0","t":0,"s":[304.929,281.901],"e":[304.929,20.144],"to":[0,-42.6172752380371],"ti":[0,55.4397430419922]},{"i":{"x":0.617,"y":1},"o":{"x":0.155,"y":1},"n":"0p617_1_0p155_1","t":25,"s":[304.929,20.144],"e":[304.929,11.901],"to":[0,-3.09962916374207],"ti":[0,2.38272643089294]},{"t":48}],"ix":2},"a":{"a":0,"k":[0,0],"ix":1},"s":{"a":0,"k":[100,100],"ix":3},"r":{"a":0,"k":0,"ix":6},"o":{"a":0,"k":100,"ix":7},"sk":{"a":0,"k":0,"ix":4},"sa":{"a":0,"k":0,"ix":5},"nm":"Transform"}],"nm":"Circle","np":2,"cix":2,"ix":1,"mn":"ADBE Vector Group","hd":false},{"ty":"gr","it":[{"ind":0,"ty":"sh","ix":1,"ks":{"a":0,"k":{"i":[[0,0],[-4.598,-0.999],[2.548,-6.41]],"o":[[-2.354,7.592],[4.598,0.999],[0,0]],"v":[[-3.318,-12],[0.049,0.886],[3.124,12]],"c":false},"ix":2},"nm":"Path 1","mn":"ADBE Vector Shape - Group","hd":false},{"ty":"st","c":{"a":0,"k":[0.9333333333333333,0.43137254901960786,0.14901960784313725,1],"ix":3},"o":{"a":0,"k":100,"ix":4},"w":{"a":0,"k":3.888,"ix":5},"lc":1,"lj":1,"ml":10,"nm":"Stroke 1","mn":"ADBE Vector Graphic - Stroke","hd":false},{"ty":"tr","p":{"a":1,"k":[{"i":{"x":0.11,"y":0.827},"o":{"x":0.407,"y":0},"n":"0p11_0p827_0p407_0","t":0,"s":[203.233,301.72],"e":[203.233,-47.288],"to":[0,-56.8229789733887],"ti":[0,73.9198532104492]},{"i":{"x":0.617,"y":1},"o":{"x":0.155,"y":1},"n":"0p617_1_0p155_1","t":22,"s":[203.233,-47.288],"e":[203.233,-58.28],"to":[0,-4.13292121887207],"ti":[0,3.17702054977417]},{"t":45}],"ix":2},"a":{"a":0,"k":[0,0],"ix":1},"s":{"a":0,"k":[100,100],"ix":3},"r":{"a":1,"k":[{"i":{"x":[0.667],"y":[1]},"o":{"x":[0.333],"y":[0]},"n":["0p667_1_0p333_0"],"t":0,"s":[-128],"e":[0]},{"i":{"x":[0.667],"y":[1]},"o":{"x":[0.333],"y":[0]},"n":["0p667_1_0p333_0"],"t":24,"s":[0],"e":[8]},{"t":50}],"ix":6},"o":{"a":0,"k":100,"ix":7},"sk":{"a":0,"k":0,"ix":4},"sa":{"a":0,"k":0,"ix":5},"nm":"Transform"}],"nm":"S Shape","np":2,"cix":2,"ix":2,"mn":"ADBE Vector Group","hd":false},{"ty":"gr","it":[{"ind":0,"ty":"sh","ix":1,"ks":{"a":0,"k":{"i":[[-4.97,0],[0,4.971],[4.971,0],[0,-4.971]],"o":[[4.971,0],[0,-4.971],[-4.97,0],[0,4.971]],"v":[[0,9],[9,0],[0,-9],[-9,0]],"c":true},"ix":2},"nm":"Path 1","mn":"ADBE Vector Shape - Group","hd":false},{"ty":"st","c":{"a":0,"k":[0.9333333333333333,0.43137254901960786,0.14901960784313725,1],"ix":3},"o":{"a":0,"k":100,"ix":4},"w":{"a":0,"k":3.888,"ix":5},"lc":1,"lj":1,"ml":10,"nm":"Stroke 1","mn":"ADBE Vector Graphic - Stroke","hd":false},{"ty":"tr","p":{"a":1,"k":[{"i":{"x":0.11,"y":0.78},"o":{"x":0.407,"y":0},"n":"0p11_0p78_0p407_0","t":0,"s":[138.72,309.72],"e":[138.72,9.185],"to":[0,-48.9309425354004],"ti":[0,63.6530418395996]},{"i":{"x":0.617,"y":1},"o":{"x":0.155,"y":1},"n":"0p617_1_0p155_1","t":28,"s":[138.72,9.185],"e":[138.72,-0.28],"to":[0,-3.55883359909058],"ti":[0,2.73572301864624]},{"t":51}],"ix":2},"a":{"a":0,"k":[0,0],"ix":1},"s":{"a":0,"k":[100,100],"ix":3},"r":{"a":0,"k":0,"ix":6},"o":{"a":0,"k":100,"ix":7},"sk":{"a":0,"k":0,"ix":4},"sa":{"a":0,"k":0,"ix":5},"nm":"Transform"}],"nm":"Ring","np":2,"cix":2,"ix":3,"mn":"ADBE Vector Group","hd":false}],"ip":0,"op":230,"st":0,"bm":0},{"ddd":0,"ind":4,"ty":4,"nm":"Coins","sr":1,"ks":{"o":{"a":0,"k":100,"ix":11},"r":{"a":1,"k":[{"i":{"x":[0.45],"y":[1]},"o":{"x":[0.103],"y":[0.258]},"n":["0p45_1_0p103_0p258"],"t":21,"s":[0],"e":[25.765]},{"i":{"x":[0.933],"y":[0.815]},"o":{"x":[0.668],"y":[0]},"n":["0p933_0p815_0p668_0"],"t":34,"s":[25.765],"e":[0]},{"t":43}],"ix":10},"p":{"a":1,"k":[{"i":{"x":0.12,"y":0.891},"o":{"x":0,"y":0},"n":"0p12_0p891_0_0","t":20,"s":[620.483,977.88,0],"e":[620.483,928.676,0],"to":[0,0,0],"ti":[0,0,0]},{"i":{"x":1,"y":1},"o":{"x":0.859,"y":0},"n":"1_1_0p859_0","t":33,"s":[620.483,928.676,0],"e":[620.483,952.88,0],"to":[0,0,0],"ti":[0,0,0]},{"t":41}],"ix":2},"a":{"a":0,"k":[276.081,11.128,0],"ix":1},"s":{"a":0,"k":[98.871,101.129,100],"ix":6}},"ao":0,"shapes":[{"ty":"gr","it":[{"ind":0,"ty":"sh","ix":1,"ks":{"a":0,"k":{"i":[[0,0],[0,0],[0,0],[0,0]],"o":[[0,0],[0,0],[0,0],[0,0]],"v":[[-1.353,-5.42],[-1.353,5.351],[1.353,5.42],[1.353,-5.42]],"c":true},"ix":2},"nm":"Path 1","mn":"ADBE Vector Shape - Group","hd":false},{"ty":"fl","c":{"a":0,"k":[0.9490196078431372,0.6078431372549019,0.18823529411764706,1],"ix":4},"o":{"a":0,"k":100,"ix":5},"r":1,"nm":"Fill 1","mn":"ADBE Vector Graphic - Fill","hd":false},{"ty":"tr","p":{"a":0,"k":[270.323,16.545],"ix":2},"a":{"a":0,"k":[0,0],"ix":1},"s":{"a":0,"k":[100,100],"ix":3},"r":{"a":0,"k":0,"ix":6},"o":{"a":0,"k":100,"ix":7},"sk":{"a":0,"k":0,"ix":4},"sa":{"a":0,"k":0,"ix":5},"nm":"Transform"}],"nm":"Group 1","np":2,"cix":2,"ix":1,"mn":"ADBE Vector Group","hd":false},{"ty":"gr","it":[{"ind":0,"ty":"sh","ix":1,"ks":{"a":0,"k":{"i":[[0,0],[0,0],[0,0],[0,0]],"o":[[0,0],[0,0],[0,0],[0,0]],"v":[[-4.281,-5.428],[-4.281,5.428],[4.281,5.396],[4.281,-5.428]],"c":true},"ix":2},"nm":"Path 1","mn":"ADBE Vector Shape - Group","hd":false},{"ty":"fl","c":{"a":0,"k":[0.9490196078431372,0.6078431372549019,0.18823529411764706,1],"ix":4},"o":{"a":0,"k":100,"ix":5},"r":1,"nm":"Fill 1","mn":"ADBE Vector Graphic - Fill","hd":false},{"ty":"tr","p":{"a":0,"k":[276.941,16.553],"ix":2},"a":{"a":0,"k":[0,0],"ix":1},"s":{"a":0,"k":[100,100],"ix":3},"r":{"a":0,"k":0,"ix":6},"o":{"a":0,"k":100,"ix":7},"sk":{"a":0,"k":0,"ix":4},"sa":{"a":0,"k":0,"ix":5},"nm":"Transform"}],"nm":"Group 2","np":2,"cix":2,"ix":2,"mn":"ADBE Vector Group","hd":false},{"ty":"gr","it":[{"ind":0,"ty":"sh","ix":1,"ks":{"a":0,"k":{"i":[[0,-3.003],[19.519,0],[0,3.003],[-19.519,0]],"o":[[0,3.003],[-19.519,0],[0,-3.003],[19.519,0]],"v":[[35.342,0],[0,5.437],[-35.342,0],[0,-5.437]],"c":true},"ix":2},"nm":"Path 1","mn":"ADBE Vector Shape - Group","hd":false},{"ty":"fl","c":{"a":0,"k":[0.9686274509803922,0.7647058823529411,0.2823529411764706,1],"ix":4},"o":{"a":0,"k":100,"ix":5},"r":1,"nm":"Fill 1","mn":"ADBE Vector Graphic - Fill","hd":false},{"ty":"tr","p":{"a":0,"k":[276.081,5.687],"ix":2},"a":{"a":0,"k":[0,0],"ix":1},"s":{"a":0,"k":[100,100],"ix":3},"r":{"a":0,"k":0,"ix":6},"o":{"a":0,"k":100,"ix":7},"sk":{"a":0,"k":0,"ix":4},"sa":{"a":0,"k":0,"ix":5},"nm":"Transform"}],"nm":"Group 3","np":2,"cix":2,"ix":3,"mn":"ADBE Vector Group","hd":false},{"ty":"gr","it":[{"ind":0,"ty":"sh","ix":1,"ks":{"a":0,"k":{"i":[[0,0],[0,0],[-19.52,0],[0,3.003],[0,0]],"o":[[0,0],[0,3.003],[19.518,0],[0,0],[0,0]],"v":[[-35.342,-8.16],[-35.342,2.723],[0,8.16],[35.342,2.723],[35.342,-8.16]],"c":true},"ix":2},"nm":"Path 1","mn":"ADBE Vector Shape - Group","hd":false},{"ty":"fl","c":{"a":0,"k":[0.9568627450980393,0.6745098039215687,0.20392156862745098,1],"ix":4},"o":{"a":0,"k":100,"ix":5},"r":1,"nm":"Fill 1","mn":"ADBE Vector Graphic - Fill","hd":false},{"ty":"tr","p":{"a":0,"k":[276.081,13.847],"ix":2},"a":{"a":0,"k":[0,0],"ix":1},"s":{"a":0,"k":[100,100],"ix":3},"r":{"a":0,"k":0,"ix":6},"o":{"a":0,"k":100,"ix":7},"sk":{"a":0,"k":0,"ix":4},"sa":{"a":0,"k":0,"ix":5},"nm":"Transform"}],"nm":"Group 4","np":2,"cix":2,"ix":4,"mn":"ADBE Vector Group","hd":false}],"ip":18,"op":233,"st":3,"bm":0},{"ddd":0,"ind":5,"ty":4,"nm":"Coins 2","sr":1,"ks":{"o":{"a":0,"k":100,"ix":11},"r":{"a":1,"k":[{"i":{"x":[0.45],"y":[1]},"o":{"x":[0.103],"y":[0.326]},"n":["0p45_1_0p103_0p326"],"t":19,"s":[0],"e":[18.765]},{"i":{"x":[0.933],"y":[0.746]},"o":{"x":[0.668],"y":[0]},"n":["0p933_0p746_0p668_0"],"t":31,"s":[18.765],"e":[0]},{"t":40}],"ix":10},"p":{"a":1,"k":[{"i":{"x":0.096,"y":1},"o":{"x":0,"y":0},"n":"0p096_1_0_0","t":18,"s":[616.483,990.88,0],"e":[616.483,946.676,0],"to":[0,0,0],"ti":[0,0,0]},{"i":{"x":1,"y":1},"o":{"x":0.962,"y":0},"n":"1_1_0p962_0","t":30,"s":[616.483,946.676,0],"e":[616.483,966.88,0],"to":[0,0,0],"ti":[0,0,0]},{"t":38}],"ix":2},"a":{"a":0,"k":[276.081,11.128,0],"ix":1},"s":{"a":0,"k":[98.871,101.129,100],"ix":6}},"ao":0,"shapes":[{"ty":"gr","it":[{"ind":0,"ty":"sh","ix":1,"ks":{"a":0,"k":{"i":[[0,0],[0,0],[0,0],[0,0]],"o":[[0,0],[0,0],[0,0],[0,0]],"v":[[-1.353,-5.42],[-1.353,5.351],[1.353,5.42],[1.353,-5.42]],"c":true},"ix":2},"nm":"Path 1","mn":"ADBE Vector Shape - Group","hd":false},{"ty":"fl","c":{"a":0,"k":[0.9490196078431372,0.6078431372549019,0.18823529411764706,1],"ix":4},"o":{"a":0,"k":100,"ix":5},"r":1,"nm":"Fill 1","mn":"ADBE Vector Graphic - Fill","hd":false},{"ty":"tr","p":{"a":0,"k":[270.323,16.545],"ix":2},"a":{"a":0,"k":[0,0],"ix":1},"s":{"a":0,"k":[100,100],"ix":3},"r":{"a":0,"k":0,"ix":6},"o":{"a":0,"k":100,"ix":7},"sk":{"a":0,"k":0,"ix":4},"sa":{"a":0,"k":0,"ix":5},"nm":"Transform"}],"nm":"Group 1","np":2,"cix":2,"ix":1,"mn":"ADBE Vector Group","hd":false},{"ty":"gr","it":[{"ind":0,"ty":"sh","ix":1,"ks":{"a":0,"k":{"i":[[0,0],[0,0],[0,0],[0,0]],"o":[[0,0],[0,0],[0,0],[0,0]],"v":[[-4.281,-5.428],[-4.281,5.428],[4.281,5.396],[4.281,-5.428]],"c":true},"ix":2},"nm":"Path 1","mn":"ADBE Vector Shape - Group","hd":false},{"ty":"fl","c":{"a":0,"k":[0.9490196078431372,0.6078431372549019,0.18823529411764706,1],"ix":4},"o":{"a":0,"k":100,"ix":5},"r":1,"nm":"Fill 1","mn":"ADBE Vector Graphic - Fill","hd":false},{"ty":"tr","p":{"a":0,"k":[276.941,16.553],"ix":2},"a":{"a":0,"k":[0,0],"ix":1},"s":{"a":0,"k":[100,100],"ix":3},"r":{"a":0,"k":0,"ix":6},"o":{"a":0,"k":100,"ix":7},"sk":{"a":0,"k":0,"ix":4},"sa":{"a":0,"k":0,"ix":5},"nm":"Transform"}],"nm":"Group 2","np":2,"cix":2,"ix":2,"mn":"ADBE Vector Group","hd":false},{"ty":"gr","it":[{"ind":0,"ty":"sh","ix":1,"ks":{"a":0,"k":{"i":[[0,-3.003],[19.519,0],[0,3.003],[-19.519,0]],"o":[[0,3.003],[-19.519,0],[0,-3.003],[19.519,0]],"v":[[35.342,0],[0,5.437],[-35.342,0],[0,-5.437]],"c":true},"ix":2},"nm":"Path 1","mn":"ADBE Vector Shape - Group","hd":false},{"ty":"fl","c":{"a":0,"k":[0.9686274509803922,0.7647058823529411,0.2823529411764706,1],"ix":4},"o":{"a":0,"k":100,"ix":5},"r":1,"nm":"Fill 1","mn":"ADBE Vector Graphic - Fill","hd":false},{"ty":"tr","p":{"a":0,"k":[276.081,5.687],"ix":2},"a":{"a":0,"k":[0,0],"ix":1},"s":{"a":0,"k":[100,100],"ix":3},"r":{"a":0,"k":0,"ix":6},"o":{"a":0,"k":100,"ix":7},"sk":{"a":0,"k":0,"ix":4},"sa":{"a":0,"k":0,"ix":5},"nm":"Transform"}],"nm":"Group 3","np":2,"cix":2,"ix":3,"mn":"ADBE Vector Group","hd":false},{"ty":"gr","it":[{"ind":0,"ty":"sh","ix":1,"ks":{"a":0,"k":{"i":[[0,0],[0,0],[-19.52,0],[0,3.003],[0,0]],"o":[[0,0],[0,3.003],[19.518,0],[0,0],[0,0]],"v":[[-35.342,-8.16],[-35.342,2.723],[0,8.16],[35.342,2.723],[35.342,-8.16]],"c":true},"ix":2},"nm":"Path 1","mn":"ADBE Vector Shape - Group","hd":false},{"ty":"fl","c":{"a":0,"k":[0.9568627450980393,0.6745098039215687,0.20392156862745098,1],"ix":4},"o":{"a":0,"k":100,"ix":5},"r":1,"nm":"Fill 1","mn":"ADBE Vector Graphic - Fill","hd":false},{"ty":"tr","p":{"a":0,"k":[276.081,13.847],"ix":2},"a":{"a":0,"k":[0,0],"ix":1},"s":{"a":0,"k":[100,100],"ix":3},"r":{"a":0,"k":0,"ix":6},"o":{"a":0,"k":100,"ix":7},"sk":{"a":0,"k":0,"ix":4},"sa":{"a":0,"k":0,"ix":5},"nm":"Transform"}],"nm":"Group 4","np":2,"cix":2,"ix":4,"mn":"ADBE Vector Group","hd":false}],"ip":18,"op":233,"st":3,"bm":0},{"ddd":0,"ind":6,"ty":4,"nm":"Star","parent":7,"sr":1,"ks":{"o":{"a":0,"k":100,"ix":11},"r":{"a":0,"k":0,"ix":10},"p":{"a":0,"k":[36.005,2.25,0],"ix":2},"a":{"a":0,"k":[10.378,10.388,0],"ix":1},"s":{"a":0,"k":[100,100,100],"ix":6}},"ao":0,"hasMask":true,"masksProperties":[{"inv":false,"mode":"a","pt":{"a":0,"k":{"i":[[0,0],[0,0],[0,0],[0,0]],"o":[[0,0],[0,0],[0,0],[0,0]],"v":[[22.361,8.77],[-0.928,8.77],[-0.928,22.755],[22.361,22.755]],"c":true},"ix":1},"o":{"a":0,"k":100,"ix":3},"x":{"a":0,"k":0,"ix":4},"nm":"Mask 1"}],"shapes":[{"ty":"gr","it":[{"ind":0,"ty":"sh","ix":1,"ks":{"a":0,"k":{"i":[[0,0],[0,0],[0,0],[0,0],[0,0],[0,0],[0,0],[0,0]],"o":[[0,0],[0,0],[0,0],[0,0],[0,0],[0,0],[0,0],[0,0]],"v":[[-2.054,-1.895],[-10.128,0.389],[-1.84,2.355],[0.308,10.139],[2.62,2.343],[10.128,0.34],[2.322,-1.906],[0.354,-10.139]],"c":true},"ix":2},"nm":"Path 1","mn":"ADBE Vector Shape - Group","hd":false},{"ty":"fl","c":{"a":0,"k":[0.9686274509803922,0.9686274509803922,0.9686274509803922,1],"ix":4},"o":{"a":0,"k":100,"ix":5},"r":1,"nm":"Fill 1","mn":"ADBE Vector Graphic - Fill","hd":false},{"ty":"tr","p":{"a":0,"k":[10.377,10.389],"ix":2},"a":{"a":0,"k":[0,0],"ix":1},"s":{"a":0,"k":[100,100],"ix":3},"r":{"a":0,"k":0,"ix":6},"o":{"a":0,"k":100,"ix":7},"sk":{"a":0,"k":0,"ix":4},"sa":{"a":0,"k":0,"ix":5},"nm":"Transform"}],"nm":"Group 1","np":2,"cix":2,"ix":1,"mn":"ADBE Vector Group","hd":false}],"ip":3,"op":233,"st":3,"bm":0},{"ddd":0,"ind":7,"ty":4,"nm":"Final Gift","sr":1,"ks":{"o":{"a":0,"k":100,"ix":11},"r":{"a":0,"k":0,"ix":10},"p":{"a":1,"k":[{"i":{"x":0.234,"y":1},"o":{"x":0.579,"y":0},"n":"0p234_1_0p579_0","t":3,"s":[529.3,1142.618,0],"e":[529.3,992.618,0],"to":[0,-25,0],"ti":[0,25,0]},{"t":27}],"ix":2},"a":{"a":0,"k":[72,108.25,0],"ix":1},"s":{"a":1,"k":[{"i":{"x":[0.667,0.667,0.667],"y":[1,1,1]},"o":{"x":[0.333,0.333,0.333],"y":[0,0,0]},"n":["0p667_1_0p333_0","0p667_1_0p333_0","0p667_1_0p333_0"],"t":14,"s":[100,100,100],"e":[95,105,100]},{"i":{"x":[0.667,0.667,0.667],"y":[1,1,1]},"o":{"x":[0.333,0.333,0.333],"y":[0,0,0]},"n":["0p667_1_0p333_0","0p667_1_0p333_0","0p667_1_0p333_0"],"t":27,"s":[95,105,100],"e":[102,97,100]},{"i":{"x":[0.667,0.667,0.667],"y":[1,1,1]},"o":{"x":[0.333,0.333,0.333],"y":[0,0,0]},"n":["0p667_1_0p333_0","0p667_1_0p333_0","0p667_1_0p333_0"],"t":37,"s":[102,97,100],"e":[100,100,100]},{"t":44}],"ix":6}},"ao":0,"shapes":[{"ty":"gr","it":[{"ind":0,"ty":"sh","ix":1,"ks":{"a":0,"k":{"i":[[0,0],[0,0],[0,0],[0,0]],"o":[[0,0],[0,0],[0,0],[0,0]],"v":[[-16.95,157.118],[9.05,157.118],[9.05,49.118],[-16.95,49.118]],"c":true},"ix":2},"nm":"Path 3","mn":"ADBE Vector Shape - Group","hd":false},{"ty":"fl","c":{"a":0,"k":[0.9686274509803922,0.9686274509803922,0.9686274509803922,1],"ix":4},"o":{"a":0,"k":100,"ix":5},"r":1,"nm":"Fill 1","mn":"ADBE Vector Graphic - Fill","hd":false},{"ty":"tr","p":{"a":0,"k":[96.2,-48.868],"ix":2},"a":{"a":0,"k":[0,0],"ix":1},"s":{"a":0,"k":[100,100],"ix":3},"r":{"a":0,"k":0,"ix":6},"o":{"a":0,"k":35,"ix":7},"sk":{"a":0,"k":0,"ix":4},"sa":{"a":0,"k":0,"ix":5},"nm":"Transform"}],"nm":"Shine","np":2,"cix":2,"ix":1,"mn":"ADBE Vector Group","hd":false},{"ty":"gr","it":[{"ind":0,"ty":"sh","ix":1,"ks":{"a":1,"k":[{"i":{"x":0.667,"y":1},"o":{"x":0.333,"y":0},"n":"0p667_1_0p333_0","t":14,"s":[{"i":[[0,0],[0,0],[0,0],[0,0],[0,0]],"o":[[0,0],[0,0],[0,0],[0,0],[0,0]],"v":[[54,54],[-54,54],[-54,-54],[54,-54],[54,-15.211]],"c":true}],"e":[{"i":[[0,0],[0,0],[0,0],[0,0],[-0.417,-8.493]],"o":[[0,0],[0,0],[0,0],[0,0],[0.417,8.493]],"v":[[54,54],[-54,54],[-54,-54],[54,-54],[50.849,-15.211]],"c":true}]},{"i":{"x":0.667,"y":1},"o":{"x":0.333,"y":0},"n":"0p667_1_0p333_0","t":29,"s":[{"i":[[0,0],[0,0],[0,0],[0,0],[-0.417,-8.493]],"o":[[0,0],[0,0],[0,0],[0,0],[0.417,8.493]],"v":[[54,54],[-54,54],[-54,-54],[54,-54],[50.849,-15.211]],"c":true}],"e":[{"i":[[0,0],[0,0],[0,0],[0,0],[-0.79,-11.971]],"o":[[0,0],[0,0],[0,0],[0,0],[0.79,11.971]],"v":[[54,54],[-54,54],[-54,-54],[54,-54],[55.756,-15.211]],"c":true}]},{"i":{"x":0.667,"y":1},"o":{"x":0.333,"y":0},"n":"0p667_1_0p333_0","t":39,"s":[{"i":[[0,0],[0,0],[0,0],[0,0],[-0.79,-11.971]],"o":[[0,0],[0,0],[0,0],[0,0],[0.79,11.971]],"v":[[54,54],[-54,54],[-54,-54],[54,-54],[55.756,-15.211]],"c":true}],"e":[{"i":[[0,0],[0,0],[0,0],[0,0],[0,0]],"o":[[0,0],[0,0],[0,0],[0,0],[0,0]],"v":[[54,54],[-54,54],[-54,-54],[54,-54],[54,-15.211]],"c":true}]},{"t":47}],"ix":2},"nm":"Path 1","mn":"ADBE Vector Shape - Group","hd":false},{"ty":"fl","c":{"a":0,"k":[0.9686274509803922,0.7647058823529411,0.2823529411764706,1],"ix":4},"o":{"a":0,"k":100,"ix":5},"r":1,"nm":"Fill 1","mn":"ADBE Vector Graphic - Fill","hd":false},{"ty":"tr","p":{"a":0,"k":[89.75,54.25],"ix":2},"a":{"a":0,"k":[0,0],"ix":1},"s":{"a":0,"k":[100,100],"ix":3},"r":{"a":0,"k":0,"ix":6},"o":{"a":0,"k":100,"ix":7},"sk":{"a":0,"k":0,"ix":4},"sa":{"a":0,"k":0,"ix":5},"nm":"Transform"}],"nm":"Front","np":2,"cix":2,"ix":2,"mn":"ADBE Vector Group","hd":false},{"ty":"gr","it":[{"ind":0,"ty":"sh","ix":1,"ks":{"a":1,"k":[{"i":{"x":0.667,"y":1},"o":{"x":0.333,"y":0},"n":"0p667_1_0p333_0","t":14,"s":[{"i":[[0,0],[0,0],[0,0],[0,0],[0,0]],"o":[[0,0],[0,0],[0,0],[0,0],[0,0]],"v":[[18,54],[-18,54],[-18,-13.217],[-18,-54],[18,-54]],"c":true}],"e":[{"i":[[0,0],[0,0],[0.096,32.351],[0,0],[0,0]],"o":[[0,0],[0,0],[0.096,-22.1],[0,0],[0,0]],"v":[[18,54],[-18,54],[-13.808,-13.217],[-18,-54],[18,-54]],"c":true}]},{"i":{"x":0.667,"y":1},"o":{"x":0.333,"y":0},"n":"0p667_1_0p333_0","t":29,"s":[{"i":[[0,0],[0,0],[0.096,32.351],[0,0],[0,0]],"o":[[0,0],[0,0],[0.096,-22.1],[0,0],[0,0]],"v":[[18,54],[-18,54],[-13.808,-13.217],[-18,-54],[18,-54]],"c":true}],"e":[{"i":[[0,0],[0,0],[0.387,31.529],[0,0],[0,0]],"o":[[0,0],[0,0],[-0.594,-21.049],[0,0],[0,0]],"v":[[18,54],[-18,54],[-20.213,-13.217],[-18,-54],[18,-54]],"c":true}]},{"i":{"x":0.667,"y":1},"o":{"x":0.333,"y":0},"n":"0p667_1_0p333_0","t":39,"s":[{"i":[[0,0],[0,0],[0.387,31.529],[0,0],[0,0]],"o":[[0,0],[0,0],[-0.594,-21.049],[0,0],[0,0]],"v":[[18,54],[-18,54],[-20.213,-13.217],[-18,-54],[18,-54]],"c":true}],"e":[{"i":[[0,0],[0,0],[0,0],[0,0],[0,0]],"o":[[0,0],[0,0],[0,0],[0,0],[0,0]],"v":[[18,54],[-18,54],[-18,-13.217],[-18,-54],[18,-54]],"c":true}]},{"t":47}],"ix":2},"nm":"Path 1","mn":"ADBE Vector Shape - Group","hd":false},{"ty":"fl","c":{"a":0,"k":[0.9568627450980393,0.6745098039215687,0.20392156862745098,1],"ix":4},"o":{"a":0,"k":100,"ix":5},"r":1,"nm":"Fill 1","mn":"ADBE Vector Graphic - Fill","hd":false},{"ty":"tr","p":{"a":0,"k":[18.25,54.25],"ix":2},"a":{"a":0,"k":[0,0],"ix":1},"s":{"a":0,"k":[100,100],"ix":3},"r":{"a":0,"k":0,"ix":6},"o":{"a":0,"k":100,"ix":7},"sk":{"a":0,"k":0,"ix":4},"sa":{"a":0,"k":0,"ix":5},"nm":"Transform"}],"nm":"Side","np":2,"cix":2,"ix":3,"mn":"ADBE Vector Group","hd":false}],"ip":3,"op":233,"st":3,"bm":0}]}],"layers":[{"ddd":0,"ind":1,"ty":0,"nm":"Confettie Burst","refId":"comp_0","sr":1,"ks":{"o":{"a":1,"k":[{"i":{"x":[0.667],"y":[1]},"o":{"x":[0.333],"y":[0]},"n":["0p667_1_0p333_0"],"t":30,"s":[100],"e":[0]},{"t":74}],"ix":11},"r":{"a":0,"k":0,"ix":10},"p":{"a":0,"k":[306,334,0],"ix":2},"a":{"a":0,"k":[540,960,0],"ix":1},"s":{"a":0,"k":[100,100,100],"ix":6}},"ao":0,"w":1080,"h":1920,"ip":1,"op":231,"st":1,"bm":0},{"ddd":0,"ind":3,"ty":4,"nm":"Matte","td":1,"sr":1,"ks":{"o":{"a":0,"k":100,"ix":11},"r":{"a":0,"k":0,"ix":10},"p":{"a":0,"k":[305.509,251.173,0],"ix":2},"a":{"a":0,"k":[109.791,109.791,0],"ix":1},"s":{"a":0,"k":[100,100,100],"ix":6}},"ao":0,"shapes":[{"ty":"gr","it":[{"ind":0,"ty":"sh","ix":1,"ks":{"a":0,"k":{"i":[[0,-60.499],[60.499,0],[0,60.497],[-60.498,0]],"o":[[0,60.497],[-60.498,0],[0,-60.499],[60.499,0]],"v":[[109.542,0.001],[-0.001,109.542],[-109.542,0.001],[-0.001,-109.542]],"c":true},"ix":2},"nm":"Path 1","mn":"ADBE Vector Shape - Group","hd":false},{"ty":"fl","c":{"a":0,"k":[0.25882352941176473,0.5843137254901961,0.9764705882352941,1],"ix":4},"o":{"a":0,"k":100,"ix":5},"r":1,"nm":"Fill 1","mn":"ADBE Vector Graphic - Fill","hd":false},{"ty":"tr","p":{"a":0,"k":[109.792,109.791],"ix":2},"a":{"a":0,"k":[0,0],"ix":1},"s":{"a":0,"k":[100,100],"ix":3},"r":{"a":0,"k":0,"ix":6},"o":{"a":0,"k":100,"ix":7},"sk":{"a":0,"k":0,"ix":4},"sa":{"a":0,"k":0,"ix":5},"nm":"Transform"}],"nm":"Group 1","np":2,"cix":2,"ix":1,"mn":"ADBE Vector Group","hd":false}],"ip":0,"op":230,"st":0,"bm":0},{"ddd":0,"ind":4,"ty":0,"nm":"Gift Animation","tt":1,"refId":"comp_1","sr":1,"ks":{"o":{"a":0,"k":100,"ix":11},"r":{"a":0,"k":0,"ix":10},"p":{"a":0,"k":[306,339,0],"ix":2},"a":{"a":0,"k":[540,960,0],"ix":1},"s":{"a":0,"k":[100,100,100],"ix":6}},"ao":0,"w":1080,"h":1920,"ip":0,"op":230,"st":0,"bm":0},{"ddd":0,"ind":5,"ty":4,"nm":"Circle","sr":1,"ks":{"o":{"a":0,"k":100,"ix":11},"r":{"a":0,"k":0,"ix":10},"p":{"a":0,"k":[305.509,251.173,0],"ix":2},"a":{"a":0,"k":[109.791,109.791,0],"ix":1},"s":{"a":0,"k":[100,100,100],"ix":6}},"ao":0,"shapes":[{"ty":"gr","it":[{"ind":0,"ty":"sh","ix":1,"ks":{"a":0,"k":{"i":[[0,-60.499],[60.499,0],[0,60.497],[-60.498,0]],"o":[[0,60.497],[-60.498,0],[0,-60.499],[60.499,0]],"v":[[109.542,0.001],[-0.001,109.542],[-109.542,0.001],[-0.001,-109.542]],"c":true},"ix":2},"nm":"Path 1","mn":"ADBE Vector Shape - Group","hd":false},{"ty":"fl","c":{"a":0,"k":[0.25882352941176473,0.5843137254901961,0.9764705882352941,1],"ix":4},"o":{"a":0,"k":100,"ix":5},"r":1,"nm":"Fill 1","mn":"ADBE Vector Graphic - Fill","hd":false},{"ty":"tr","p":{"a":0,"k":[109.792,109.791],"ix":2},"a":{"a":0,"k":[0,0],"ix":1},"s":{"a":0,"k":[100,100],"ix":3},"r":{"a":0,"k":0,"ix":6},"o":{"a":0,"k":100,"ix":7},"sk":{"a":0,"k":0,"ix":4},"sa":{"a":0,"k":0,"ix":5},"nm":"Transform"}],"nm":"Group 1","np":2,"cix":2,"ix":1,"mn":"ADBE Vector Group","hd":false}],"ip":0,"op":230,"st":0,"bm":0}],"markers":[]}